word,frequency
before,4
the,315
invention,2
of,220
telescope,2
ancient,15
astronomy,2
relied,2
entirely,5
on,20
observations,2
early,3
astronomers,6
and,151
planets,15
as,20
they,4
across,18
night,3
sky,3
these,16
were,6
crucial,7
for,19
understanding,3
changing,2
it,10
was,11
not,7
developed,2
that,31
humanity,3
could,4
rings,2
saturn,2
moons,3
dense,7
stars,14
milky,2
way,2
galaxy,9
at,8
heart,4
every,4
active,2
star,12
is,21
a,127
nuclear,2
fusion,3
in,52
extreme,6
pressure,8
temperature,6
stellar,4
core,9
hydrogen,4
together,4
to,100
form,4
helium,2
this,9
process,3
releases,2
massive,34
amounts,4
energy,10
photons,2
escape,4
around,3
thousands,9
years,3
finally,4
out,2
into,19
vacuum,6
space,16
light,12
heat,3
when,18
exhausts,2
its,19
fuel,4
causing,3
expand,2
red,3
giant,4
or,4
collapse,8
white,4
planetary,3
geology,2
are,23
inner,3
our,7
solar,14
system,21
rocky,6
with,15
tectonic,3
complex,27
earth,4
magnetic,2
field,2
by,29
which,6
atmosphere,6
from,23
destructive,3
force,4
wind,2
contrast,3
outer,3
gas,8
giants,2
composed,2
violent,6
atmospheric,10
crushing,4
internal,7
planet,6
habitable,2
zone,2
distant,8
where,4
liquid,2
water,8
surface,11
primary,3
modern,9
suggests,2
universe,11
singularity,2
has,5
constant,7
expansion,6
observing,2
galaxies,9
away,4
be,2
us,2
visible,3
matter,6
only,2
tiny,4
fraction,4
vast,10
dark,6
an,6
invisible,2
gravity,12
itself,2
future,3
exploration,4
relies,6
advanced,6
technology,5
satellites,2
orbit,6
provide,4
global,19
communication,2
weather,6
environmental,2
data,9
robotic,6
harsh,7
conditions,3
martian,2
analyze,2
soil,2
search,3
chemical,12
signatures,3
life,7
rocket,2
more,6
toward,3
establishing,2
permanent,3
moon,3
eventually,4
crewed,2
missions,2
interstellar,3
travel,2
beyond,2
technological,3
but,4
theoretical,2
physics,2
continues,2
explore,2
one,4
day,2
probe,3
reach,2
filled,2
billions,6
have,2
them,6
fundamental,7
mass,7
dictates,2
strength,2
turn,2
velocity,5
required,5
maintain,4
stable,2
observe,3
use,3
powerful,8
telescopes,6
capture,3
millions,5
can,12
own,3
sun,6
central,9
elliptical,2
gravitational,8
forces,3
allowed,2
probes,2
gather,2
black,5
holes,2
represent,2
their,19
cycle,2
hole,3
so,2
intense,3
pull,4
releasing,2
detect,2
requires,3
mathematical,10
models,3
time,3
will,3
discovery,2
human,17
most,3
events,3
no,2
support,3
against,3
second,3
explosion,3
known,4
supernova,3
than,5
entire,5
heavy,6
elements,2
like,8
gold,2
become,2
part,2
new,7
orbital,3
mechanics,2
dictate,4
intricate,3
artificial,5
spacecraft,2
must,3
specific,5
precise,3
calculations,2
navigate,5
utilizing,6
execute,5
slingshot,2
maneuver,2
without,3
using,4
require,3
momentum,2
exoplanets,2
heavily,12
front,2
host,2
monitor,2
simultaneously,3
periodic,2
detected,3
through,10
oxygen,4
biological,16
clusters,3
superclusters,2
local,4
between,6
structures,2
immense,6
cosmic,3
regions,2
distance,2
fabric,3
just,2
two,2
deep,6
near,2
path,2
phenomenon,2
acts,4
allowing,8
faint,2
would,2
hidden,4
roman,5
empire,5
height,2
who,3
capital,3
rome,2
military,4
highly,16
disciplined,2
legions,2
soldiers,2
marched,2
expanding,2
borders,4
engineers,5
built,3
networks,5
stone,5
today,2
architectural,2
northern,4
civilization,3
along,4
banks,3
nile,2
river,3
annual,3
flooding,2
abundant,3
crops,3
middle,3
desert,2
living,3
pharaoh,2
body,5
carefully,4
within,6
sea,5
independent,3
athens,3
sparta,2
democracy,2
political,4
also,2
science,4
great,4
philosophers,2
debated,2
ethics,2
public,3
squares,2
fierce,3
society,2
warriors,3
trade,8
world,3
silk,4
road,2
network,7
routes,3
europe,3
merchants,2
traveled,2
dangerous,11
transport,3
goods,2
spices,2
precious,2
economy,3
cities,3
period,2
western,2
invading,2
fractured,2
smaller,2
centralized,3
land,2
knights,2
protect,2
peasants,2
constructed,2
warfare,3
immune,3
cells,5
tissues,2
organs,2
infection,2
blood,6
patrol,2
bloodstream,2
constantly,7
foreign,2
pathogens,2
bacteria,2
threat,3
produces,2
neutralize,2
microscopic,6
brain,4
command,2
center,3
nervous,2
neurons,2
rapid,6
electrical,3
voluntary,2
muscle,3
involuntary,2
rate,3
antibiotics,2
vaccines,2
surgical,2
procedures,2
severe,10
computer,5
algorithms,5
how,2
digital,9
processed,2
sorted,2
stored,3
processing,4
binary,3
instructions,2
physical,8
operations,2
speeds,2
introduced,2
neural,2
datasets,2
recognize,2
patterns,5
generate,2
internet,2
remote,3
routing,2
protocols,2
secure,2
encrypted,2
software,4
write,2
code,5
programming,2
languages,2
applications,2
systems,8
databases,2
power,3
ocean,15
incredibly,18
environment,5
characterized,3
hydrostatic,2
temperatures,2
absolute,5
darkness,2
marine,8
perfectly,2
underwater,4
ridges,2
floor,2
hydrothermal,2
vents,3
spew,2
superheated,2
mineralrich,2
unique,2
ecosystems,4
rely,3
rather,2
shallow,2
coral,2
reefs,2
tropical,5
waters,5
fish,2
sharks,2
financial,10
markets,6
continuously,8
driven,3
economic,8
supply,3
demand,2
national,6
inflation,2
rates,3
baseline,2
interest,2
institutional,2
investors,2
retail,3
corporate,8
government,4
international,9
stock,3
exchanges,2
valuation,2
currency,3
fluctuates,2
based,2
unpredictable,5
geopolitical,2
domestic,3
industrial,6
output,2
balances,2
recession,2
prolonged,2
resulting,2
drastically,3
reduced,2
consumer,4
spending,2
meteorology,2
study,2
ambient,2
create,2
storm,3
warm,6
air,3
rapidly,12
rises,2
collides,2
cold,4
generates,2
thunderstorms,2
capable,4
lightning,2
rainfall,2
over,2
spinning,2
organize,2
hurricane,2
catastrophic,3
simulations,2
track,2
shifting,5
predict,2
longterm,5
impacts,2
climate,2
sudden,6
thermal,2
under,2
triggers,2
successfully,6
continuous,7
surrounding,2
generating,2
radiation,5
significantly,7
higher,2
during,7
countless,4
provides,2
prevent,2
rotating,3
robust,2
protecting,2
vulnerable,3
astronauts,2
freezing,5
primarily,2
ice,2
orbiting,2
directly,5
clouds,2
slowly,2
lunar,2
critical,3
european,2
continent,2
aggressively,6
vital,8
predictable,2
agricultural,4
reality,2
miles,4
single,4
interconnected,4
lucrative,4
exchange,3
diverse,2
cultural,2
dedicated,2
hours,2
historical,3
religious,2
expensive,4
fragile,3
feudal,2
localized,3
strict,2
fast,2
wooden,2
confidently,2
open,4
wealthy,2
coastal,4
labor,2
aggressive,4
sophisticated,3
movements,2
first,2
terrifying,3
introduction,2
attacks,2
fundamentally,4
traditional,2
realistic,2
frequently,5
architecture,3
authority,2
specialized,3
cardiovascular,3
communicate,2
information,3
specifically,2
designed,3
destroy,2
protective,2
cellular,4
damage,2
healthy,2
tissue,2
viral,2
intentionally,2
effectively,3
regulating,2
systematically,2
occasionally,2
survival,2
advantage,2
utilize,3
toxic,2
metabolism,2
overall,2
actively,2
widespread,2
distribution,2
several,2
daily,2
area,2
efficiently,2
occurs,2
excessive,2
explicitly,2
machine,2
any,2
computing,2
server,2
native,2
hardware,2
sensitive,2
user,2
automated,2
allows,2
businesses,2
completely,7
purchasing,2
virtual,2
structured,2
vehicles,2
visual,3
urban,3
environments,3
senses,2
quantum,2
bizarre,2
properties,2
market,2
transactions,3
price,2
underlying,2
raw,2
legacy,2
decentralized,2
beneath,2
severely,3
volatile,2
species,2
polar,2
potentially,2
seasonal,3
commercial,6
effortlessly,2
equatorial,2
predators,2
airborne,2
accurately,2
banking,2
lower,2
attempt,3
investment,3
corporations,2
profitable,2
strategically,2
saturated,2
residential,2
risk,2
chaotic,2
violently,2
tremendous,2
